0,0.39477547702273486,0.19267313073565678,0.41255139224160836,0.199914517347019,0.5884561734487403,0.21162930920424067,0.4050315049733619,0.5840436665822797,0.010924828444358332,0.13970681593512171,0.5231527450038379,0.3371404390610404,234.94816121330257,141.83968399251367
0,0.2706039550242125,0.2779780385309485,0.451418006444839,0.46963754437871036,0.29836490110944114,0.23199755451184847,0.3533361824141562,0.23272437355472864,0.41393944403111516,0.17724064796745345,0.7841026934636944,0.038656658568852184,163.8796238682531,138.08300147109938
0,0.34995259629199515,0.17233721324915335,0.4777101904588515,0.044982339783575215,0.881234471177314,0.07378318903911073,0.12602431662336547,0.5991775491677787,0.27479813420885585,0.21509898792258075,0.4171709781614192,0.36773003391600007,240.5538209934143,179.18598808127507
0,0.2672965304338384,0.26901102796053966,0.46369244160562195,0.08610333319718189,0.8166316379953679,0.09726502880745029,0.46286572686062,0.3837766040231596,0.1533576691162204,0.04539078374296044,0.5918004657137075,0.36280875054333206,281.06041136815054,185.7805810195204
0,0.3836253207271139,0.2653668690537941,0.35100781021909205,0.2236936595070472,0.38573042435069316,0.3905759161422596,0.45867988093069684,0.3724998237285586,0.1688202953407445,0.25470932067095947,0.39068043938537766,0.3546102399436629,156.12121430178732,133.23815956921604
0,0.3446244949052088,0.5661051239055653,0.08927038118922583,0.46395963931253953,0.360298427341816,0.17574193334564442,0.23482899181677402,0.4029320991037271,0.3622389090794988,0.3678629212745705,0.5556747773979405,0.07646230132748895,205.36534084610824,221.38262827120454
0,0.4728338713262489,0.2822377747484194,0.24492835392533177,0.30427848408145874,0.4672128206207567,0.22850869529778456,0.09408929305460734,0.539141087535697,0.3667696194096956,0.2880931564529952,0.4635132860391391,0.24839355750786576,207.9475835399869,174.12725663796428
0,0.05074469330723471,0.6293286127761031,0.31992669391666223,0.11028448946705482,0.6890550414094552,0.20066046912348998,0.2653192869426167,0.7025314040205183,0.03214930903686508,0.41999868793285516,0.33887505602226853,0.24112625604487625,268.6223215443304,301.5813322273586
0,0.19267645621568644,0.6449222877666786,0.16240125601763503,0.3253738174063371,0.6077224468401873,0.06690373575347565,0.1702357394509688,0.7097849171550752,0.119979343393956,0.0798752284264382,0.8212285182696099,0.0988962533039519,317.3548122311274,322.21560624345216
0,0.3620954030536071,0.2610393788623129,0.37686521808408,0.02351008282705437,0.932630355663778,0.04385956150916755,0.36780152283096906,0.20596643112794794,0.42623204604108306,0.022655779217084393,0.7165545829906985,0.26078963779221714,321.154522661213,187.2441944769564
0,0.38734674993049495,0.24281005169498432,0.3698431983745207,0.029734798669012796,0.688016282850489,0.2822489184804981,0.37588587197398693,0.17698041120631336,0.4471337168196997,0.23763778190630735,0.3666955382511583,0.39566667984253434,182.92101554277534,117.30719069398594
0,0.43526491804687156,0.516753725721802,0.04798135623132653,0.26016221577691845,0.5656099803033854,0.17422780391969617,0.35827175639174963,0.5788047653325205,0.0629234782757299,0.056129252256912246,0.6560102713475591,0.28786047639552875,266.0372756001673,226.25487812976863
0,0.48956669193151436,0.23659010512669354,0.2738432029417921,0.24154738393735448,0.67533750184645,0.08311511421619541,0.21160084890397737,0.750617976264767,0.03778117483125568,0.40409122420993404,0.20937391194674265,0.3865348638433233,189.27698594384282,161.910904642734
0,0.15214505613763596,0.6433112787667025,0.2045436650956616,0.14027400502846793,0.5841094887940411,0.275616506177491,0.29687526952171805,0.506447661066828,0.19667706941145385,0.45508769029120444,0.4849932554527806,0.059919054256014986,244.14992357254965,254.27001711340222
0,0.3011744926649858,0.4716256538469058,0.22719985348810845,0.06791258455437799,0.8604622345695884,0.07162518087603366,0.07896852920453827,0.6827977361713907,0.23823373462407102,0.2175434351723608,0.30924442196602936,0.4732121428616098,206.81192566913862,261.2127118013341
0,0.3981435420247819,0.5619661561167031,0.039890301858515054,0.15757764552350365,0.4551829273464577,0.38723942713003867,0.13371213018254569,0.6919979261438731,0.17428994367358122,0.1758091283571354,0.4865453195059669,0.3376455521368976,220.76686839488593,253.98017672015493
0,0.28740083025365304,0.4333051512779501,0.27929401846839685,0.2289922072514516,0.6067604983433038,0.16424729440524452,0.25954119449894114,0.470069817204023,0.2703889882970358,0.33521217076930604,0.18721661416526642,0.4775712150654275,140.62833471674608,205.2378714829378
0,0.28879916512002907,0.44012074358830167,0.2710800912916693,0.18021250665753288,0.4877056691386566,0.33208182420381055,0.2387415634756424,0.6988691375390388,0.0623892989853187,0.12559002087222254,0.8355606374032799,0.03884934172449764,278.00951073951717,273.9253854836809
0,0.14307696103631165,0.5645277328677727,0.29239530609591574,0.4602564467284718,0.3992157905678932,0.14052776270363504,0.2895304973673457,0.5707162709248573,0.13975323170779697,0.3189166809459081,0.4267596966796672,0.25432362237442474,196.75398912350002,247.93185791310808
0,0.11151252402967154,0.6530328462997979,0.23545462967053063,0.4584221860896684,0.20689030063629327,0.3346875132740383,0.1491009901496037,0.4493660783647239,0.40153293148567243,0.15880803919176129,0.38884125186728813,0.45235070894095064,154.23016563124767,230.49004613977226
0,0.18700779233041084,0.48259177434396366,0.33040043332562546,0.12355151788435359,0.6700714361870722,0.20637704592857423,0.146450329480959,0.390639908694492,0.46290976182454896,0.22997550168158645,0.6299909079563528,0.14003359036206076,281.2073509234119,212.13562592968643
0,0.12353952461169758,0.5800457644335468,0.2964147109547555,0.10620585293503666,0.4512382551998156,0.4425558918651477,0.44830128321708973,0.06842153838409959,0.4832771783988107,0.3778256309909718,0.2053211352350332,0.416853233773995,145.71834204383902,54.51708007752918
0,0.1662889207373191,0.6747697314379432,0.1589413478247378,0.43996432982463973,0.392713648480951,0.16732202169440924,0.22350707171082304,0.6318363811877709,0.14465654710140605,0.39474516848998137,0.19555267395549608,0.4097021575545225,159.1148235037672,276.3370332827915
0,0.09286029808287202,0.8150142653663363,0.09212543655079172,0.34808752842161705,0.5048997166722822,0.14701275490610083,0.18452462722793675,0.3484469973917818,0.46702837538028147,0.20651865999976077,0.7117114040866644,0.08176993591357472,273.3898571248884,238.71549159069514
0,0.36844466306332546,0.5454870016456924,0.08606833529098216,0.27580614301133416,0.26304796824804616,0.46114588874061974,0.1326247541796321,0.3926561654395204,0.4747190803808474,0.436025556279651,0.4655353069124897,0.09843913680785935,178.78985094039197,191.03781718237258
0,0.38166717188449656,0.2842637776418914,0.33406905047361196,0.06323598968975142,0.45884151447814875,0.47792249583209984,0.12767504337252117,0.48055606475758167,0.3917688918698972,0.41819927410498087,0.09718662124914124,0.48461410464587784,71.23630546417212,176.62938001974678
0,0.24187120977242396,0.4471521761962106,0.31097661403136545,0.32435077952940794,0.3147216393910081,0.36092758107958395,0.4711455172081487,0.35103145270435265,0.1778230300874987,0.44510292547169406,0.2660368327428631,0.28886024178544284,139.05861337136352,165.23064078921564
0,0.36308254468692797,0.4651970283661033,0.1717204269469688,0.41082330252036936,0.39504464337642403,0.1941320541032066,0.489104235992839,0.1394457680035479,0.37144999600361306,0.023586957934489637,0.5616717497057196,0.41474129235979074,194.61221130467095,146.0433726850383
0,0.3934332507760679,0.3237675077365725,0.2827992414873597,0.33730701386089995,0.5563927131056144,0.10630027303348553,0.42021775548741236,0.4044937201291743,0.17528852438341339,0.33179781319509155,0.4232274852200055,0.24497470158490292,215.35437112773337,176.04209396319516
0,0.39950534660552306,0.49128318420454176,0.10921146918993517,0.16976107751426778,0.49980091930136217,0.3304380031843701,0.4151971709995375,0.40889077036488064,0.1759120586355819,0.06292042020159891,0.46978765878501,0.46729192101339107,172.82964751150956,169.29568027313712
0,0.1902591496155035,0.4699021419312213,0.3398387084532752,0.2352850762636548,0.6507699206607644,0.11394500307558078,0.37199907946668853,0.587685200084477,0.04031572044883442,0.42235024901108403,0.4687766919849769,0.10887305900393913,262.59263117876003,256.3035385220003
0,0.1731616814266179,0.6774865179605474,0.1493518006128347,0.18623904594958565,0.4030875980558029,0.41067335599461147,0.12450196086076006,0.4873442371889624,0.38815380195027754,0.032050092101385944,0.6738443590648817,0.29410554883373224,250.68084179061296,279.19025697396785
0,0.3658995945472996,0.40507554629646314,0.22902485915623727,0.4624662906797277,0.05169398297702771,0.4858397263432446,0.2631233760692582,0.7137990862055122,0.023077537725229566,0.24620025629988043,0.6671186550436934,0.08668108865642617,63.23504455953243,239.02806689769784
0,0.32074121757809365,0.43528967208760383,0.24396911033430244,0.2958541935151245,0.5375959305484765,0.16654987593639906,0.17871784145508252,0.7907356437877952,0.030546514757122376,0.29069697438679526,0.3008828192570393,0.4084202063561654,212.19019993692575,234.03575898332417
0,0.3575520871322835,0.44203467383873224,0.20041323902898428,0.2058707317162786,0.7243627154091121,0.06976655287460931,0.026488337451350943,0.9031390604432705,0.0703726021053785,0.32412560037347643,0.4245707980926777,0.2513036015338458,266.8876403050056,269.2582359474068
0,0.3105230544635646,0.27238501300693885,0.4170919325294965,0.060016504368564844,0.5593810650976081,0.380602430533827,0.14444352742502498,0.6550817353358893,0.2004747372390857,0.46285320098237875,0.26175799932298766,0.27538879969463365,176.70911586312326,208.96559934050543
0,0.1769402288146843,0.5923991027785107,0.23066066840680505,0.3880502116745149,0.47495808668294004,0.13699170164254507,0.41586559796993156,0.42641654554397257,0.1577178564860959,0.4097171369091883,0.12354909628276373,0.46673376680804796,126.69592831450979,222.57877947161066
0,0.26898079840968625,0.3607230083624409,0.3702961932278728,0.37687059319369554,0.3954729853435153,0.22765642146278914,0.32836639197161255,0.27070546659022243,0.400928141438165,0.36896584020066064,0.23756604745712928,0.39346811234221013,130.37294254502996,135.8397764973134
0,0.4706455490685638,0.09121151727180388,0.4381429336596323,0.013498993459855564,0.7218689647137541,0.26463204182639033,0.15900978366260765,0.5640353179744954,0.276954898362897,0.29402186335714314,0.24699156172004788,0.4589865749228089,149.27039358125313,140.24277233427128
0,0.3125930224396213,0.41918939351533846,0.26821758404504026,0.1272404788442901,0.8551600306582373,0.017599490497472597,0.286263246505061,0.6021021594622468,0.11163459403269226,0.027764213315760414,0.5834420721342466,0.38879371454999306,286.1358766569484,246.12738926484587
0,0.025356109073422534,0.9148672323753162,0.0597766585512612,0.011402795289162618,0.7802743513585924,0.20832285335224493,0.4762445165143638,0.3075687587828293,0.2161867247028069,0.12863197400388163,0.7403746206402007,0.1309934053559177,325.10690978344024,236.52182775545063
0,0.3694073627825291,0.3995828855878544,0.23100975162961643,0.0688829934787806,0.5093430059586781,0.4217740005625414,0.06439836850701387,0.5664934772860789,0.36910815420690724,0.4113246085392402,0.3688084798143851,0.21986691164637479,193.20088578881158,223.42955404909657
0,0.391881317148746,0.12789595856990255,0.4802227242813514,0.4134777725764598,0.5155782333877031,0.07094399403583702,0.28097576583348804,0.37998233028137696,0.339041903885135,0.04168788387356561,0.8548246151641735,0.10348750096226085,246.83660683145746,128.1556432510277
0,0.45709051863105643,0.517507542056801,0.02540193931214255,0.4810595564876721,0.22696384758651017,0.29197659592581776,0.2766566201754487,0.24540154621665783,0.4779418336078935,0.23539209129829827,0.7039096719673829,0.060698236734318844,206.5751310763019,167.3761495029313
0,0.19553187740824599,0.5423358326981708,0.2621322898935833,0.09110075110945391,0.5559446834449024,0.3529545654456436,0.017031858549234544,0.7042333104935796,0.2787348309571858,0.21573854100352624,0.48162106565302254,0.3026403933434513,254.06721803425032,282.3414817799757
0,0.17678041208901663,0.5236942186360061,0.29952536927497736,0.12117288186513911,0.8636468827934938,0.015180235341367159,0.14198827206229364,0.4055883923020609,0.4524233356356455,0.45152967078225,0.3303063180674345,0.2181640111503155,197.03289434347087,205.75378881553314
0,0.2734064433800081,0.6060561322844853,0.12053742433550665,0.23755590808708996,0.27564783448351277,0.4867962574293973,0.08326706547198824,0.735937760860843,0.18079517366716877,0.26642231271116795,0.47157752088441807,0.2620001664044139,203.73607450779224,286.30928019504603
0,0.173697632012562,0.7289775054755385,0.09732486251189938,0.13114446901367788,0.47961698334212766,0.3892385476441945,0.20083110059988155,0.7029170324328768,0.09625186696724164,0.456184478037256,0.3169093031212903,0.2269062188414538,215.46148314567355,300.2376607374579
0,0.4837214560159112,0.494300538474146,0.021978005509942757,0.341194579820827,0.42072404554452875,0.23808137463464424,0.24869416586563534,0.41857177251047234,0.33273406162389235,0.3104800051202529,0.479542180439016,0.20997781444073102,214.51036987939187,203.66545016848534
0,0.20387666044236,0.4789001612070547,0.31722317835058533,0.10107568695802172,0.6970950277268604,0.20182928531511787,0.015263609608303173,0.7122620500780613,0.2724743403136355,0.37331742334963425,0.5152851158097269,0.11139746084063888,269.47618730724326,268.65417033034714
0,0.21973954437708718,0.7276750760315295,0.05258537959138335,0.10871837369701372,0.7283348388165081,0.16294678748647815,0.04405868752665448,0.4793072169286801,0.47663409554466546,0.38380840319018056,0.5631803418760867,0.05301125493373281,261.67348218465685,242.53022262531408
0,0.1898888063030382,0.450858576824851,0.35925261687211085,0.48728947636528214,0.13768579597040115,0.37502472766431666,0.3846830605227064,0.47635552935709213,0.13896141012020147,0.3665771210379058,0.5324839772441622,0.10093890171793199,97.72659147717606,205.5096046161569
0,0.3858735169588533,0.4402001767806512,0.1739263062604955,0.11981203555349665,0.8401863258489981,0.04000163859750524,0.25501753955854267,0.4369993767312713,0.307983083710186,0.47589520985274275,0.27722998964114703,0.24687480050611027,178.2247187884005,223.6493173111459
0,0.05827442861944325,0.8436587321178101,0.09806683926274677,0.45088936893391407,0.4459922484453809,0.10311838262070508,0.25803360060221336,0.3812285823665043,0.3607378170312823,0.014103256176098887,0.5220307975412093,0.4638659462826918,249.26025584966385,291.8758721285175
0,0.4548365993701697,0.520827015922369,0.024336384707461245,0.24425102144365987,0.2899178200157256,0.4658311585406146,0.36259975216633644,0.15642991796322298,0.4809703298704406,0.2964840152839137,0.35673852027977837,0.34677746443630797,139.57498957095953,100.3936753062704
0,0.4253755452859137,0.1589477599266555,0.4156766947874308,0.45505730926635574,0.1962301995275435,0.3487124912061008,0.21312083116723918,0.5420089268786646,0.24487024195409612,0.4829855182261328,0.42568739900202446,0.09132708277184279,117.98308557690665,135.93200741204146
0,0.2123213905786269,0.6466724812379003,0.14100612818347286,0.3456322836977895,0.5259443512427731,0.12842336505943752,0.3774297066503305,0.33113904411777684,0.2914312492318927,0.15715636091789842,0.5703992389813497,0.2724444001007518,253.4669898169122,229.2905640010198
0,0.20949921168902358,0.34656605122501927,0.4439347370859572,0.4037032757934309,0.29022299001086077,0.3060737341957083,0.17095365395447168,0.41072784620363595,0.41831849984189234,0.011191661711970297,0.8009014645978636,0.18790687369016607,196.68896366403183,186.0106575870756
0,0.030240109062452863,0.7975325416374069,0.17222734930014016,0.05199127635372345,0.6305100203730511,0.3174987032732253,0.10620463046527957,0.708094185008616,0.18570118452610437,0.20822652398968428,0.7134987680655857,0.07827470794473002,317.0756129974038,334.23436664439504
0,0.2568670604409985,0.6372576019085971,0.10587533765040433,0.08101046450395753,0.7770691427899442,0.14192039270609824,0.39814356629131664,0.5831158081024015,0.018740625606281903,0.3164246049223157,0.2829651935081878,0.4006102015694965,233.0827648222127,257.51096436163823
0,0.2603841462821799,0.5511035371319735,0.1885123165858466,0.246507878064709,0.5382091163125488,0.21528300562274227,0.34620166570231975,0.32575195532282486,0.32804637897485545,0.21090310626916103,0.3912522683135697,0.3978446254172692,204.50377647681262,197.28203877468832
0,0.28140580931228304,0.3769514612036554,0.3416427294840615,0.37824906327167473,0.29520853091761023,0.32654240581071503,0.3942668521740402,0.47567246066442276,0.13006068716153701,0.22080544689165926,0.3720794967734888,0.40711505633485195,148.65722645424603,174.94261580784448
0,0.24870778514402417,0.4323898502462162,0.3189023646097597,0.04308342837176054,0.8484706207051905,0.108445950923049,0.03177943555180391,0.5096197434341776,0.45860082101401844,0.1331704406363514,0.7030525970466514,0.1637769623169972,327.50854756519936,247.13988180748683
0,0.25790638248942005,0.47813116733578914,0.26396245017479075,0.13803858683003079,0.7989190121783603,0.06304240099160899,0.35982367363276,0.21658132792239138,0.4235949984448486,0.34446170256150943,0.49059898579215994,0.16493931164633063,246.73912021320288,177.23273162145347
0,0.2646966826212841,0.4738780846572965,0.2614252327214194,0.037258007360040146,0.5629721486820415,0.39976984395791837,0.16217919210652856,0.5792660751182532,0.25855473277521823,0.3861025024444247,0.5506454121782679,0.06325208537730743,251.98092470884532,256.58322495810006
0,0.44182184058456814,0.14911963534997413,0.4090585240654577,0.34451637561412374,0.2953634858916016,0.36012013849427466,0.23621763444603525,0.28368663018017953,0.4800957353737852,0.1855788659415849,0.33325458391858653,0.48116655013982856,132.09574767126912,88.6458338627429
0,0.013837789143103513,0.5912298406175012,0.39493237023939537,0.06721195521960902,0.9106950923066977,0.022092952473693334,0.012533140101034495,0.9517987007536647,0.03566815914530084,0.4271843584402681,0.28824686934118554,0.2845687722185463,288.9127689955521,324.4640205050003
0,0.46899647944059153,0.16459529689818175,0.3664082236612267,0.3522244906280957,0.4980860300648705,0.14968947930703383,0.06216303013622325,0.8082361256496794,0.12960084421409734,0.17962060404971622,0.7528478239470728,0.06753157200321093,266.62389443827266,176.40036545662093
0,0.25135232681537484,0.4725764468676166,0.27607122631700864,0.39464226939765107,0.5043098181641131,0.10104791243823581,0.09598128719783638,0.761982187927867,0.1420365248742967,0.1234087574324108,0.7221219081085014,0.1544693344590878,269.53794871702496,266.3333744158853
0,0.08130906091819444,0.5439872984755504,0.37470364060625516,0.19936303059623509,0.7017628819296556,0.09887408747410927,0.18594921325441693,0.5241916373753928,0.28985914937019036,0.43001875726198757,0.13091374210805123,0.4390675006299612,148.81949978733667,228.02898664682843
0,0.22058933254412308,0.6514263731475904,0.1279842943082865,0.3656913829395331,0.18037875295779865,0.45392986410266817,0.045479639576427935,0.9298772457355902,0.024643114687981853,0.20091696309577398,0.47996785594640823,0.31911518095781777,194.58971431770937,314.4687878667329
0,0.4497677349246776,0.31188739862137493,0.23834486645394748,0.26550648710579344,0.7018614550240915,0.03263205787011499,0.1912102617352448,0.5615453294330848,0.24724440883167037,0.08838810156193454,0.683468171377215,0.22814372706085037,293.3993369283193,206.54425839597997
0,0.3299665549357954,0.607633868618045,0.06239957644615953,0.23301804708721563,0.49591145394848196,0.2710704989643024,0.4644238486741103,0.12290384961000012,0.41267230171588953,0.03521015127474969,0.8198494847516576,0.14494036397359264,268.3239841891498,156.78229552432353
0,0.10588679724562883,0.4247547782890843,0.4693584244652869,0.01913984577871473,0.6027535194325089,0.3781066347887764,0.2673606797109197,0.3377384649976806,0.3949008552913997,0.29926588085630795,0.2553326748397796,0.4454014443039124,184.69899528152982,178.68119331554294
0,0.0952575646583958,0.7538408997084163,0.15090153563318803,0.30083682754159946,0.23209337217124892,0.4670698002871516,0.30728317991970905,0.376045711527976,0.3166711085523149,0.03773924601886052,0.822982598512376,0.1392781554687635,185.96369283991825,249.0889455531027
0,0.06470930923809956,0.7870679072211262,0.14822278354077417,0.11675068619125671,0.6316168892480052,0.2516324245607381,0.06304957390649535,0.6631457519927006,0.27380467410080395,0.2321232364468947,0.4566656677303489,0.3112110958227564,276.74279094958536,314.0625517309367
0,0.2764744016306209,0.4711445928770182,0.2523810054923609,0.39038117884023593,0.28988326821409893,0.31973555294566514,0.4873088153253244,0.05727124292156255,0.455419941753113,0.3576646125912284,0.5362913244837104,0.10604406292506122,163.1831550973132,52.66503455755462
0,0.15510020308761738,0.6878398594692672,0.15705993744311547,0.4248720700141995,0.39352065277189924,0.1816072772139013,0.4248965053214521,0.46202522863651874,0.11307826604202906,0.40953087260909404,0.4652376390780892,0.12523148831281677,211.3191094580603,249.86011444352013
0,0.0859245832414864,0.5186815951739363,0.3953938215845772,0.2798629094380143,0.23773752172733548,0.48239956883465024,0.42824668357146584,0.3605274615187959,0.21122585490973833,0.11545521760463152,0.8312672479952249,0.05327753440014358,147.8904049019034,203.28397752776561
0,0.3434225287485982,0.510365668346799,0.14621180290460284,0.48840713409278436,0.44596788522948483,0.06562498067773079,0.052791833919393544,0.6430283645503669,0.30417980153023955,0.19599206425843113,0.6744352786504426,0.12957265709112625,246.75675214125914,259.96435762722405
0,0.45387602505559826,0.12135669117804632,0.4247672837663555,0.4484764680799535,0.40519194250403023,0.14633158941601618,0.41259530388697907,0.12320232982184603,0.4642023662911749,0.4640034857745458,0.2747798591960543,0.26121665502939984,108.19675112181207,63.40720666211427
0,0.08997113790327059,0.5721465302057323,0.3378823318909971,0.3129676157326386,0.33644354590325254,0.3505888383641088,0.03544309846782534,0.8576686879241773,0.10688821360799734,0.4708224922851852,0.10878915201604628,0.4203883556987686,137.54046598482154,274.05270904819133
0,0.024098942742990015,0.8318024979277914,0.1440985593292185,0.14736488336274928,0.5113087180716935,0.3413263985655572,0.3158805157030175,0.44039799060667406,0.2437214936903084,0.1030425468349897,0.8396865252499817,0.05727092791502861,283.95895373282065,271.24906633666797
0,0.4430323090796774,0.09078168183149676,0.46618600908882585,0.2160374861122154,0.7367661022228041,0.04719641166498042,0.45360240210824565,0.18245963282628602,0.3639379650654683,0.3230498459807039,0.6326761591985374,0.04427399482075878,252.3602234759453,111.0073978559179
0,0.0635589844540574,0.8698826461066116,0.06655836943933108,0.1896800230082582,0.6319323217190196,0.17838765527272216,0.193614398651235,0.5660562465037559,0.24032935484500917,0.25128691044764323,0.40803308544509775,0.34068000410725907,265.34971358759003,306.5634544522462
0,0.22224685472317526,0.7418274331848287,0.035925712091996076,0.2196707805460374,0.6632880342613895,0.11704118519257307,0.07786954225089686,0.5308316551435066,0.3912988026055965,0.07155904743102477,0.6138265784866989,0.3146143740822763,298.2661473078682,296.14651758933303
0,0.41777566559492463,0.2465347699949515,0.3356895644101239,0.057354570303156056,0.7696055073745247,0.17303992232231924,0.16305510614405896,0.5759955950985167,0.2609492987574244,0.32457836119351563,0.33965871756226945,0.335762921244215,203.0270505486966,193.39540577634577
0,0.03769204064819742,0.9311279426606013,0.031180016691201337,0.33538631610085606,0.2915443391751076,0.3730693447240363,0.02486807155947801,0.674532817796252,0.30059911064427003,0.38520826211272013,0.4732451400218657,0.1415465978654141,230.94650813279148,308.59984887235873
0,0.33859575696825395,0.3134869785446614,0.34791726448708465,0.369331696342486,0.36992324073341604,0.260745062924098,0.4442150923176709,0.12171444424613959,0.43407046343618955,0.14112012429944365,0.5797767078447644,0.27910316785579187,186.38535930668544,106.33666273392738
0,0.4085871607795855,0.5073217386446762,0.08409110057573832,0.431582609317394,0.4826088573975754,0.08580853328503059,0.3726043024122311,0.4330956391025018,0.19430005848526707,0.2723482439703987,0.5666318419001063,0.16101991412949498,245.42043235757544,230.48407185064863
0,0.11224423812018972,0.7214486027933719,0.16630715908643845,0.47200635212563746,0.3929902794985307,0.13500336837583185,0.14965903437893016,0.6898664251951281,0.16047454042594175,0.35538871734591587,0.6078294763468424,0.03678180630724185,227.44898025962306,305.279821288874
0,0.05475457203890558,0.7539605141723884,0.19128491378870605,0.3752596307978787,0.2017267831789472,0.42301358602317407,0.34302035129201813,0.5580206626894947,0.09895898601848716,0.16956431215864273,0.7753688052055262,0.055066882635831,164.56328252486765,271.76355901713407
0,0.1262799720798009,0.4962756547897303,0.3774443731304688,0.255544714071844,0.2636485865077136,0.4808066994204424,0.04698141360299143,0.8956264230911452,0.05739216330586341,0.0669597717378322,0.5276330771291697,0.405407151132998,204.2848616731023,270.73463121401943
0,0.018338014672326017,0.918287505766011,0.06337447956166294,0.21644891248972775,0.7207992179913384,0.06275186951893388,0.03826657274994686,0.711520881207582,0.2502125460424712,0.16175987152333243,0.3840044974451258,0.4542356310315418,282.74699978014905,346.98301048036956
0,0.35511566020803653,0.19771468115611585,0.4471696586358476,0.1357406025485571,0.5350465312887125,0.3292128661627304,0.45052875801532966,0.25514698888989024,0.2943242530947801,0.14311075589111205,0.6848415083552377,0.17204773575365034,236.63174498706667,134.2511779687746
0,0.18866548741131256,0.42846060709141515,0.38287390549727235,0.05415032282412273,0.8772557735129853,0.06859390366289193,0.44938544189484286,0.4862195916481128,0.06439496645704433,0.30948316114205865,0.2215470340646548,0.46896980479328654,214.04742987031236,232.40125899946577
0,0.18247770356252085,0.7607757915764066,0.05674650486107246,0.015627263161961454,0.5495203071138564,0.4348524297241822,0.030755958209457694,0.6336305008959007,0.33561354089464174,0.48868066676819766,0.0981845883019819,0.41313474492982044,102.83757602853167,277.1767609484841
0,0.2457571469923076,0.6596936517188507,0.09454920128884153,0.19384144317960708,0.4290711309728287,0.3770874258475643,0.07600673006155587,0.7715395842065095,0.15245368573193466,0.308379060557134,0.6765938571571518,0.015027082285714219,277.6921311406423,325.0310518405743
0,0.31404746520164045,0.33643674845110577,0.3495157863472537,0.4736917431941348,0.0941459028916592,0.43216235391420604,0.211536347390407,0.3289643282539287,0.45949932435566426,0.3432703353597635,0.49806684987594607,0.15866281476429042,84.84591597895184,138.65539505582788
0,0.11004147957138405,0.7991788863131764,0.0907796341154396,0.44481002073696446,0.12675243572539685,0.42843754353763863,0.1578366984469524,0.3954184598981797,0.44674484165486794,0.07310160832651805,0.6677246317985633,0.25917375987491864,160.35184086554816,257.9597949296568
0,0.09467702568452711,0.5811181783256509,0.32420479598982205,0.3282936327523529,0.6519685637408195,0.01973780350682767,0.3246161361125114,0.5879338416648633,0.08745002222262536,0.3633305018939766,0.18923455267539774,0.44743494543062573,194.90894053596787,264.9685078488855
0,0.14487784728983558,0.398837700595543,0.45628445211462143,0.19106903977640766,0.7692664700274966,0.039664490196095775,0.38050149279175866,0.14070553955344217,0.4787929676547991,0.02025520884982788,0.8463536054767058,0.13339118567346636,329.3212806433047,184.38048479109446
0,0.16204358076836667,0.37939942215668815,0.4585569970749452,0.3426038585000365,0.31684563919400005,0.34055050230596345,0.4008456315207472,0.5223735486454462,0.0767808198338067,0.1489625251124945,0.48955271688105256,0.3614847580064529,165.31495101996785,190.43700664397846
0,0.2087541639604156,0.6599463304815144,0.13129950555807,0.23919696978621874,0.7180220343901232,0.042780995823658026,0.4457504092234103,0.2789032648976413,0.27534632587894836,0.19240770584577754,0.7856516534051583,0.02194064074906408,320.09010082503005,241.30106378277506
0,0.01933007618976991,0.948124912605466,0.03254501120476404,0.16071372452516527,0.5162443781908586,0.3230418972839761,0.38954676253575854,0.5413243051767046,0.06912893228753693,0.4793799073143432,0.39249045369948476,0.12812963898617202,246.61684085578648,274.93284673444833
0,0.24112835296585278,0.5692606032486841,0.18961104378546315,0.055816078355668534,0.8095250518058139,0.13465886983851758,0.24714999790237596,0.487465714685272,0.2653842874123521,0.018665866929441388,0.5583248448305512,0.4230092882400074,273.88064893823633,270.44016356812443
0,0.3855485710011358,0.5106791258988804,0.10377230309998374,0.36220542405795036,0.3409584551341608,0.2968361208078888,0.34091829896947196,0.2538586754636231,0.405223025566905,0.2631696113359232,0.6570604433248204,0.07976994533925637,217.66347369569067,166.2232305178596
0,0.02048189466615779,0.5425770111618633,0.4369410941719789,0.43254320794917406,0.48863691879538335,0.07881987325544264,0.408176412855887,0.2449910142180864,0.3468325729260266,0.01712640888844827,0.8027282213384551,0.18014536977309656,241.41985016334803,204.21529116334023
0,0.14711063303299915,0.7152226572337064,0.13766670973329437,0.14103936667665162,0.6445128620382611,0.21444777128508732,0.29535988945232305,0.30049982614667886,0.4041402844009981,0.21827426893306173,0.6612066554469593,0.12051907561997903,290.20552632113044,214.83962135767467
0,0.2180711590992684,0.7047976761456956,0.07713116475503604,0.21147510572610162,0.37466169958490575,0.41386319468899263,0.01097260616942452,0.5915682018622684,0.39745919196830704,0.18651005014644093,0.36961642641503084,0.4438735234385282,201.27461256212842,277.1678936764554
0,0.32595836616458945,0.2621075631708459,0.4119340706645646,0.4353583433671827,0.37559185655045246,0.18904980008236483,0.3292959170173062,0.23795598835278203,0.43274809462991176,0.14767026451803192,0.38947585670133567,0.46285387878063244,161.9595159818246,118.72538831700159
0,0.27463447612019576,0.6256983178048029,0.09966720607500135,0.17456937641172302,0.794081118761319,0.031349504826957975,0.3816489012955247,0.6056399693836034,0.012711129320871895,0.1944829947667254,0.786687712179472,0.018829293053802643,358.75684527643216,310.2570333239663
0,0.07506275310237182,0.5814727965851862,0.34346445031244194,0.4277644200291122,0.518086863108391,0.05414871686249674,0.469960282532793,0.5141374315888678,0.015902285878339226,0.15437614091579158,0.5793858313053764,0.2662380277788321,248.4339442835155,251.92571626591405
0,0.22882102540966745,0.5872266835760779,0.18395229101425473,0.40298970527641387,0.1573211011658079,0.43968919355777825,0.4620719981740665,0.08342870841718447,0.454499293408749,0.36583535450894633,0.512525319759213,0.12163932573184065,125.26049124063083,65.03171001380747
0,0.4658358702922885,0.2795467206554361,0.2546174090522754,0.4298356131917977,0.10254307969239673,0.4676213071158055,0.08473026821419545,0.5911365901405883,0.3241331416452163,0.25264656648487027,0.443912340488363,0.30344109302676675,119.81281186606037,163.4584337099635
0,0.30608105384873013,0.5399742699136062,0.15394467623766364,0.05048196625393513,0.6867384378307821,0.26277959591528277,0.4189907864815436,0.2818308122351612,0.29917840128329515,0.28204292861900143,0.568235960792673,0.1497211105883256,263.92242533923826,182.17360322629892
0,0.3904297402820747,0.5021963998289,0.10737385988902538,0.20322769589242215,0.468397146127349,0.3283751579802288,0.23724719195979824,0.6257507641221272,0.13700204391807463,0.44185238115466713,0.3236478417686258,0.23449977707670713,195.17245355336982,237.90570536363398
0,0.11473086108679748,0.7651233715354061,0.1201457673777965,0.22582235916969698,0.5577084492708239,0.2164691915594792,0.43537158241720897,0.40558722404864583,0.1590411935341452,0.07615122239889391,0.7882632150373712,0.1355855625637349,293.6971497207814,260.3799363956752
0,0.25390897144087266,0.41730384844497015,0.3287871801141572,0.13613765676631984,0.778962303507519,0.08490003972616106,0.43854224163877126,0.4636225931449115,0.09783516521631733,0.19952713881701828,0.6809194364840693,0.11955342469891239,319.5302769130696,241.1072685042262
0,0.06564387224773346,0.5940457636916092,0.34031036406065723,0.19540807357261064,0.7859696728171937,0.018622253610195618,0.36701921899192796,0.23700985599825264,0.39597092500981945,0.11130583371795967,0.5891146007123722,0.2995795655696682,301.856500608065,221.9939372189804
0,0.10741410064771723,0.4617377996894325,0.4308480996628503,0.10439049501214115,0.6171965784828024,0.2784129265050564,0.31325722827156915,0.5731448303869878,0.11359794134144312,0.11049524470450055,0.6505499660653311,0.23895478923016833,280.0412621841826,252.22216833558505
0,0.47093581233193693,0.31393672101245595,0.21512746665560709,0.17656836107634785,0.6384753382983728,0.1849563006252793,0.2528519488975229,0.7205494852310796,0.026598565871397466,0.06818025718649023,0.9034278818625552,0.028391860950954556,328.6637723604022,251.2009438500644
0,0.26277170536207595,0.608212801846144,0.12901549279178004,0.38007496718285216,0.5278838681040419,0.09204116471310592,0.19507706765445318,0.6340969974254139,0.17082593492013287,0.44966202772314706,0.18511534000568136,0.3652226322711715,154.29581968200887,269.1121188631823
0,0.043442892540543926,0.8781607111908344,0.07839639626862174,0.055412676714981804,0.7118936951338868,0.23269362815113143,0.19704479322328106,0.5478989919903975,0.25505621478632146,0.45789109613984513,0.2561782028506607,0.2859307010094942,219.38627005961504,282.1903793538196
0,0.35902628330798575,0.5556836262943224,0.0852900903976918,0.09454867200894573,0.7453405974739119,0.1601107305171424,0.05182066839382311,0.9082079881179859,0.039971343488190966,0.13785605915555502,0.5575689701985962,0.30457497064584876,293.88699828257785,295.695898981512
0,0.0621884929525624,0.46982493143337145,0.4679865756140661,0.06066969696834841,0.8078552318549505,0.13147507117670112,0.1515766655899755,0.4212678508430136,0.4271554835670109,0.2781201667497313,0.6117567699591058,0.11012306329116296,295.6183698789852,212.25411369304524
0,0.4039699674453421,0.14403017211907143,0.4519998604355865,0.11692151189565635,0.8717533718403724,0.011325116263971263,0.3578365123495284,0.5389744235769072,0.10318906407356446,0.282736995246424,0.5990657222108549,0.11819728254272115,311.06204636812015,169.67373026712835
0,0.48264198596061825,0.31851655254452593,0.19884146149485585,0.06441735048707302,0.9072129374171121,0.028369712095814924,0.09219053922670267,0.7989250236520714,0.10888443712122593,0.48244225027535725,0.11597832016476212,0.40157942955988063,132.77462139106734,216.43944421863557
0,0.37014730210167324,0.5565276743331565,0.0733250235651702,0.3500221922727869,0.24719057476551426,0.4027872329616989,0.4177738146385051,0.3943699980624826,0.18785618729901238,0.47481249530654274,0.4374450943072966,0.08774241038616072,171.4719102980423,186.7844236569441
0,0.42752478290424933,0.3175184682203781,0.25495674887537256,0.22617880922265546,0.3890186162147463,0.38480257456259825,0.20342598100988074,0.3674045348058796,0.42916948418423967,0.17297501000938867,0.7816097275703305,0.04541526242028082,238.75186413891532,188.72703990217047
0,0.2999056998738987,0.5576724830782034,0.14242181704789791,0.1221312454041306,0.4769014627345082,0.40096729186136126,0.21751915416160797,0.2997703200929256,0.48271052574546647,0.14608972939604625,0.7827731858462592,0.07113708475769455,268.028733932586,202.871273365381
0,0.4438824957665388,0.4911469573186006,0.06497054691486057,0.46870240515622563,0.31749432228853725,0.2138032725552371,0.1289926373864215,0.49523222089849817,0.3757751417150803,0.4618046699007467,0.35953144002495996,0.17866389007429329,162.5867399473563,216.8364894006676
0,0.3285888174579168,0.45302588123105697,0.21838530131102624,0.07267029541738122,0.6277529829683647,0.2995767216142541,0.39046938106793755,0.5182748695070858,0.09125574942497656,0.2050206727361867,0.37009066965707477,0.4248886576067385,197.16052483340127,200.99725381002006
0,0.4813589077337818,0.4731044481656973,0.04553664410052086,0.3928196979341867,0.1654821057546212,0.4416981963111921,0.0757419359324005,0.8778144105878061,0.0464436534797934,0.16559031964401053,0.7992250900523478,0.03518459030364177,222.03388511255906,290.63993938683615
0,0.06730577630702804,0.9212203897137172,0.011473833979254725,0.24385788218910892,0.6679422638066415,0.08819985400424969,0.39337223817208283,0.4609826671854156,0.14564509464250164,0.1073373180750645,0.7552471541293211,0.13741552779561444,336.34386456304543,307.350251537451
0,0.3405108434400229,0.41791848467356585,0.24157067188641126,0.4156528779952794,0.327684613893779,0.2566625081109416,0.319294744942617,0.4881902310997086,0.19251502395767436,0.42959288430258363,0.41149662541614074,0.15891049028127568,170.5065788925333,204.71628505100034
0,0.03667676644539923,0.6081399511522059,0.355183282402395,0.3489439031926273,0.46007974420596665,0.19097635260140602,0.309362708885984,0.45817325941806675,0.2324640316959492,0.15618119768685695,0.6137702194558373,0.23004858285730567,236.9614154314782,240.5840829900895
0,0.3085233012985514,0.3774872215255233,0.3139894771759254,0.41202751250729314,0.18354198662114757,0.40443050087155924,0.46026019111496674,0.5022591695931448,0.03748063929188847,0.09003704706400491,0.4512009538659248,0.45876199907007026,107.21998142022288,156.7293703849902
0,0.3824343489957178,0.5877974906368577,0.02976816036742451,0.3585976358820987,0.5041229922774655,0.1372793718404358,0.3694689752522675,0.24329558013410757,0.3872354446136249,0.27674953771368266,0.5086989603469304,0.214551501939387,230.05381645583594,181.92345237987212
0,0.43717872898091764,0.13647497853755797,0.42634629248152434,0.08356844393886587,0.5522424230012725,0.36418913305986167,0.10837295030423284,0.6582471742170544,0.23337987547871272,0.16435936683139138,0.686673319896188,0.14896731327242063,273.30663244871585,168.1171003537081
0,0.16315006605472526,0.762345422323079,0.07450451162219573,0.10136522383827448,0.671925656611275,0.22670911955045048,0.060575292007804565,0.8236208633721585,0.11580384462003696,0.12649007965762699,0.7584293332286878,0.11508058711368532,342.73219424470824,357.4853614673018
0,0.03360953446234544,0.8422445872943568,0.12414587824329773,0.47959847894826385,0.4476950009952597,0.07270652005647639,0.2545179302652082,0.3284995854149513,0.41698248431984053,0.2464722025233335,0.637544116803258,0.11598368067340858,235.64688620271622,235.31540315997867
0,0.34173898826800586,0.4368443433505703,0.2214166683814238,0.3853259927936989,0.17759170269637858,0.43708230450992247,0.27221889875693467,0.5456436620638605,0.18213743917920472,0.057994732591562397,0.7860493365974416,0.155955930810996,149.94385779094705,228.14085479516348
0,0.46371944367793216,0.23299875989554475,0.3032817964265231,0.32313786805297723,0.5925034148769815,0.08435871707004118,0.0974526586405756,0.5287669425125754,0.373780398846849,0.12401147934298143,0.7237628733009097,0.1522256473561089,275.5665463107277,174.60801689183933
0,0.11761100236649728,0.7271650579485511,0.1552239396849516,0.1543107644117779,0.5126814054166965,0.3330078301715256,0.4345460561748864,0.32366077763443685,0.24179316619067676,0.26721514947518094,0.5981173382540041,0.134667512270815,249.93128785912626,202.2858963851533
0,0.43900715247020544,0.54569967760764,0.015293169922154456,0.3703071940532264,0.1466351487526948,0.4830576571940789,0.2258185730232159,0.5175875456600081,0.256593881316776,0.2436166174068203,0.638430671670161,0.11795271092301873,177.49375996987314,225.76390935944974
0,0.4228686673678823,0.3348455950774747,0.242285737554643,0.36861894835697384,0.4625016419563583,0.16887940968666787,0.2740915242069462,0.5283630375444781,0.1975454382485757,0.029193090952949155,0.5870579630602037,0.38374894598684706,222.93111585239149,180.7402235774803
0,0.04932476071686435,0.5749801517166786,0.37569508756645703,0.4760696519207684,0.251411653956217,0.27251869412301466,0.3511967290860836,0.35148787706969464,0.2973153938442218,0.22702219839912377,0.5595774153207258,0.21340038628015046,150.53867194793787,192.84000496655747
0,0.42866751502409745,0.20781390518112086,0.36351857979478164,0.3327276825745037,0.22937194019564744,0.43790037722984887,0.40466455280047614,0.37690402818338326,0.21843141901614055,0.18328201883525666,0.7428115492961986,0.07390643186854477,146.15926460702846,152.88766064145324
0,0.05301503767526375,0.9141031384547845,0.032881823869951726,0.3328143942158068,0.6149126903581247,0.05227291542606852,0.1470708931703625,0.5094804928403488,0.3434486139892887,0.29688504281993794,0.21408827554247684,0.4890266816375853,196.6767017505242,292.501157928308
0,0.0314534267490306,0.8856794093940271,0.08286716385694222,0.21241203965764655,0.4803796943313398,0.30720826601101364,0.25181639419521684,0.4144849287986148,0.33369867700616834,0.1919455845334414,0.5172827939071105,0.2907716215594481,257.7716311440559,257.9090075200603
0,0.41969716408768676,0.17252291038688272,0.4077799255254305,0.28523332472714574,0.4309279197607666,0.2838387555120877,0.20653924230049206,0.661886208661818,0.13157454903769,0.18143549337583698,0.4867773942697109,0.33178711235445213,208.34186216511134,130.33054701293682
0,0.3807698486136298,0.45688917127321993,0.16234098011315032,0.35358251355401965,0.6327783584138915,0.013639128032088905,0.17922114153010718,0.7170432629439538,0.103735595525939,0.31595005705622253,0.5013520947990415,0.1826978481447359,260.76297814617357,262.57065724088693
0,0.2829190038098954,0.49467040418588304,0.2224105920042215,0.15307403378165158,0.5517415647407427,0.29518440147760566,0.2759246941669942,0.5585288556894288,0.16554645014357702,0.021259521123298188,0.9493762382536381,0.029364240623063607,300.99113080374696,276.1510090267263
0,0.1140970116619153,0.5710587376084607,0.31484425072962396,0.35994331738770097,0.5442226645431794,0.0958340180691197,0.3009613942840087,0.2669540131446832,0.4320845925713081,0.18982617812919028,0.513779381961502,0.29639443990930775,230.87158969275302,190.3636624641526
0,0.10398816043502876,0.6820698836580228,0.21394195590694848,0.1974752156551373,0.6484218861998344,0.15410289814502828,0.3871330398468343,0.5233933799645075,0.08947358018865825,0.32010330051792046,0.31042117963014354,0.369475519851936,237.8297158755295,269.7396481317495
0,0.29742732968960955,0.2691153179160335,0.433457352394357,0.12812106749758284,0.4559216041509477,0.41595732835146954,0.17241410926117426,0.7589946380525954,0.06859125268623031,0.16705651800014085,0.6624773413895282,0.170466140610331,248.79766427022938,219.16292103743086
0,0.1677774911197414,0.7021845982183265,0.13003791066193213,0.14983069266601856,0.6754920534933118,0.17467725384066973,0.039705105038928754,0.6795181191144384,0.2807767758466328,0.2738668846844112,0.3781584587377734,0.3479746565778154,243.31609538668536,299.6391529309114
0,0.3668534351150103,0.4404676958886863,0.19267886899630338,0.016918942402133617,0.9019193209682984,0.08116173662956792,0.07328019232310849,0.8921887208944265,0.03453108678246513,0.01722352574012086,0.7373588429247858,0.2454176313350933,331.2340042842674,290.0521060432292
0,0.3600088323017171,0.20081098633908312,0.4391801813591998,0.3984797431613801,0.5452769567123528,0.05624330012626719,0.28304524013591875,0.4865536974994181,0.2304010623646632,0.43474206558403555,0.42191708817656015,0.14334084623940438,182.02213748504832,146.58029898320507
0,0.3744358521128837,0.3206018115581561,0.30496233632896025,0.4016683162859258,0.5640570329803861,0.03427465073368811,0.05598747185881003,0.5917020727792978,0.3523104553618922,0.07449738082571189,0.5066077507523032,0.4188948684219848,227.1655974082221,177.30895192359128
0,0.3112589299972524,0.2568640330427006,0.43187703696004703,0.3835539160728508,0.5011253776083219,0.11532070631882739,0.030065080997817704,0.7466417151762109,0.2232932038259714,0.42050240186570886,0.2975389145637272,0.2819586835705639,169.22078200106893,160.1862617088543
0,0.4249692758634739,0.34703815782865954,0.2279925663078666,0.26584596414249284,0.6244123328936191,0.10974170296388805,0.28490189912701447,0.32950244833233244,0.3855956525406531,0.1755713815148909,0.767655519287033,0.056773099198076035,288.7871233017062,199.53862452623022
0,0.48647714714203777,0.15572051394299313,0.35780233891496915,0.2013094640383072,0.5123861881884011,0.2863043477732917,0.26660255550244044,0.2952861810560063,0.4381112634415532,0.19621494062642,0.7793987610389221,0.0243862983346579,258.6502327249641,145.80260643523377
0,0.26083994576744546,0.6983018317362277,0.04085822249632675,0.2640292958207383,0.5738929334047599,0.16207777077450178,0.3332792117513361,0.6451377126869225,0.02158307556174132,0.48428311547485364,0.39057659628100716,0.12514028824413911,258.42227322213904,294.66927152226265
0,0.22509991029458437,0.45396899081390346,0.3209310988915122,0.030579576683160067,0.8654258558381624,0.10399456747867747,0.07155155592464568,0.8786369745233017,0.049811469552052595,0.474223389927841,0.28970962197157635,0.23606698810058271,252.30965811414222,300.657400341186
0,0.11976038244067698,0.822116279698606,0.05812333786071697,0.2539967384676335,0.4774391803407832,0.2685640811915833,0.4271008437613289,0.34499007646274576,0.2279090797759254,0.23321836945784785,0.29579543784795226,0.47098619269419995,194.59344785846343,217.64434317492805
0,0.4780577162761623,0.328079128938114,0.19386315478572366,0.2525112182896297,0.6721124755746946,0.07537630613567586,0.15184317905215533,0.37653324688450296,0.47162357406334177,0.45897845196274895,0.14209087183800112,0.39893067619925,89.0618446079242,164.1260495180413
0,0.19814606337067156,0.3611818259881657,0.4406721106411628,0.03395955666417213,0.9179422001491254,0.04809824318670245,0.1828849062042233,0.6837971020088662,0.13331799178691053,0.39584866896699716,0.12115776866627836,0.4829935623667245,146.1277172941306,247.9521686366179
0,0.2697903982237685,0.4825425011101214,0.24766710066611008,0.3578402615289248,0.3534949404445775,0.2886647980264977,0.22806332187046582,0.5769285684038064,0.19500810972572782,0.09594550215827573,0.7533071021036869,0.1507473957380374,227.94200523199675,250.3634671229838
0,0.3173184284140943,0.49177148020869155,0.19091009137721415,0.4745484638225665,0.3329087286387007,0.19254280753873276,0.08878259589944387,0.7545299818053486,0.15668742229520743,0.10543927729201065,0.4435661936597477,0.45099452904824167,197.93067356580642,239.4005714301229
0,0.34882575120493303,0.2651460005416033,0.3860282482534636,0.2821243272198584,0.7051397584609881,0.012735914319153548,0.43750514682269726,0.31479607861095404,0.2476987745663487,0.41382663991139523,0.13734497846430693,0.44882838162429783,115.3248375879032,147.91805222128585
0,0.3064215350624464,0.3944386008639939,0.2991398640735597,0.31154413425827027,0.48391583167929014,0.20454003406243954,0.22855297260302554,0.33511632219783766,0.4363307051991368,0.38799822606154183,0.23379483052742167,0.37820694341103656,136.5603353786514,159.4967676478459
0,0.043887038417138126,0.5017263133589225,0.45438664822393937,0.07400843954751089,0.6681072327659967,0.25788432768649244,0.20318854940962788,0.7699188510269926,0.026892599563379443,0.35306879111309003,0.45546034456483525,0.19147086432207466,288.92337839106915,287.2621164755827
0,0.08414736086788405,0.8646234226815446,0.05122921645057142,0.11241115734184469,0.5238962461205368,0.3636925965376186,0.42893872916221737,0.45370597026008136,0.11735530057770133,0.40247260923437367,0.22534918005650456,0.37217821070912177,191.50136784193054,234.36796482925317
0,0.0802493716169004,0.7442009615782499,0.17554966680484974,0.19318583456019284,0.4506969931081742,0.3561171723316329,0.44686970299481504,0.0858775929906394,0.4672527040145456,0.303928968442504,0.44620088874236363,0.24987014281513242,212.71562584385035,77.11553100726327
0,0.20704440059572132,0.6914849813000029,0.10147061810427585,0.17741348707159155,0.6996655456346057,0.12292096729380271,0.054581623393742854,0.5682934591859176,0.3771249174203396,0.3005720955319722,0.4952542339208079,0.20417367054721988,262.98928578084104,273.96098730761435
0,0.458512593403841,0.49532416782281297,0.04616323877334603,0.4825566393081295,0.38850183542170036,0.1289415252701701,0.2995239103838459,0.22765870306390446,0.4728173865522497,0.13201117318732208,0.7888540206617973,0.0791348061508805,256.39095531765923,190.00250156150787
0,0.08864231708004153,0.8685831607506166,0.042774522169341814,0.02597529969655476,0.5804790716841448,0.39354562861930037,0.39937070497789967,0.3601691979415491,0.24046009708055124,0.1790683516052966,0.5807308506171291,0.24020079777757422,249.99700372910692,223.40834061486373
0,0.0909372643514833,0.668828945650955,0.24023378999756173,0.25069105898205857,0.6192305105567006,0.13007843046124073,0.4360416337934687,0.5102952927218167,0.053663073484714545,0.2619567576520973,0.3473985228917605,0.39064471945614215,246.44177718225626,264.6425559646313
0,0.291033569705729,0.29008980198701134,0.41887662830725964,0.01991518429140926,0.8284217528688065,0.1516630628397842,0.021350488258184697,0.741781209754267,0.23686830198754824,0.43341027529266646,0.21440766668649686,0.35218205802083663,169.40924274800392,228.98857639835873
0,0.4345371573948431,0.36177675125494335,0.20368609135021357,0.4527585005577617,0.23905419652903243,0.3081873029132059,0.23058988663747426,0.548330591200225,0.2210795221623007,0.3768390457117607,0.18324813592790318,0.4399128183603361,108.27804664651995,172.34899522404027
0,0.23679233902798735,0.745398452001841,0.01780920897017165,0.2783405833563474,0.24982038478467716,0.47183903185897536,0.12028185617606092,0.5280111828832357,0.3517069609407034,0.0467108451682529,0.9394769413392676,0.013812213492479476,253.96434404661528,300.5170548527667
0,0.14136963922644352,0.4016000911971233,0.45703026957643317,0.39644644495437315,0.1912007641935633,0.4123527908520635,0.11279257891874395,0.8090271127090966,0.07818030837215949,0.03997439064348591,0.6859577821651353,0.27406782719137884,166.8168045667122,223.231046414726
0,0.2446204912202784,0.48880319190164906,0.26657631687807254,0.41987906217916665,0.13369691949070905,0.44642401833012435,0.2922289216921156,0.5637251629881475,0.14404591531973682,0.27481084991166405,0.6522550951702916,0.07293405491804435,115.66479491736744,238.20205276963316
0,0.09877532988319955,0.5360411641883726,0.36518350592842785,0.2578484830906676,0.26630655078023535,0.4758449661290971,0.08297625865660589,0.8557712746254129,0.06125246671798126,0.3605339968934272,0.29601148503343927,0.3434545180731336,180.02072335228814,276.7620154716125
0,0.1575562796104862,0.6656315899548111,0.17681213043470267,0.28308239178944583,0.6598497425407467,0.057067865669807476,0.022207219708993642,0.6627822474274395,0.31501053286356684,0.13022467485296368,0.5246766709461894,0.34509865420084695,275.30001235237216,292.5562513200722
0,0.44076298168335143,0.39420015221069843,0.1650368661059502,0.20878044077593166,0.6096509609906061,0.1815685982334622,0.3314824256353272,0.21853707801978062,0.4499804963448921,0.45243236385929747,0.3738218160757169,0.17374582006498557,183.90876036927523,143.56761921274978
0,0.16441219351292666,0.8083979960405193,0.02718981044655403,0.04001609897181987,0.5716188807055537,0.38836502032262643,0.4722705549187069,0.4944010203792664,0.03332842470202662,0.25868477259325984,0.29994217892395447,0.4413730484827857,189.49584212603736,218.3418742592036
0,0.40742142607597226,0.18898914458540367,0.403589429338624,0.24637655081572032,0.6592652535082215,0.09435819567605815,0.15647563274075488,0.49294238250063727,0.3505819847586079,0.04831181301143904,0.8561643657971636,0.0955238211913973,308.89631441511233,175.44751373904387
0,0.21290043220522362,0.5417169831269106,0.24538258466786578,0.422504062680273,0.08837923773065476,0.4891166995890723,0.43975729815376824,0.11134080943886676,0.44890189240736494,0.26037516672685856,0.5412550113942728,0.19836982187886862,80.3408419170549,91.02980484042621
0,0.4186826720993591,0.4449924787672964,0.1363248491333445,0.26785669431507036,0.38379677302991533,0.34834653265501425,0.31201067644646335,0.5180425937201009,0.16994672983343576,0.2290997348502163,0.578453597396883,0.1924466677529007,217.17957821418102,211.14687738672077
0,0.03233634374805427,0.6812051964768546,0.28645845977509105,0.4438768770282567,0.5454797204607268,0.010643402511016618,0.06881142828173101,0.7144073429305974,0.21678122878767161,0.05293686483130525,0.4708691253647382,0.4761940098039566,244.76636038450022,292.1314127384932
0,0.16015534830279615,0.5630965343276043,0.2767481173695995,0.3634872118840406,0.25297412326642943,0.3835386648495299,0.39629826302408044,0.32163897293040195,0.2820627640455176,0.01297557545360157,0.6598865039968598,0.32713792054953855,159.67104398524114,210.2973055001789
0,0.1395568084283605,0.3752927727092432,0.4851504188623963,0.3415591262000939,0.2473359984331922,0.4111048753667139,0.3745671013301976,0.5458357475114696,0.07959715115833278,0.2757891017204318,0.5352275532457729,0.1889833450337953,144.2258462658876,198.26215867880848
0,0.3355538761122604,0.5042807062086767,0.16016541767906287,0.33456843279784365,0.4938224211183997,0.17160914608375666,0.01910197485402569,0.5600367052725332,0.42086131987344116,0.2845140583898996,0.49433502855155065,0.22115091305854973,225.13982933179528,229.86409683974847
0,0.1492262410347388,0.7147974853813404,0.13597627358392084,0.4591272035053565,0.08303005310865524,0.45784274338598824,0.28452676726527015,0.4206612505112226,0.29481198222350724,0.08382087225098299,0.5650599412886423,0.35111918646037465,102.15213534371233,241.790762779526
0,0.19928006994156364,0.7127081437192536,0.08801178633918273,0.2988429429936953,0.6643551375781565,0.03680191942814823,0.24262091212974168,0.37869268580985094,0.3786864020604074,0.3752754192703363,0.1458930847488623,0.47883149598080144,126.91314801767139,239.5498971336962
0,0.3512462920501981,0.17425983053945987,0.47449387741034205,0.13258209125304302,0.6377628227396617,0.2296550860072954,0.30361736403874856,0.5455372342013881,0.1508454017598634,0.29196094665813627,0.4253219605573547,0.28271709278450896,230.04692804892412,152.70340978294902
0,0.4512201958075529,0.35261659512560284,0.19616320906684426,0.3607297144273784,0.3237865428723705,0.31548374270025104,0.47346771171779467,0.08239269955282774,0.4441395887293776,0.40064135811924334,0.11187961175150152,0.4874790301292551,68.88894588455295,62.89629442472723
0,0.37839698106271696,0.5713541314842938,0.05024888745298916,0.48576499762102326,0.4336058803026025,0.0806291220763743,0.32309161618777926,0.2940393550178981,0.38286902879432266,0.4474490757785144,0.3468325187713569,0.20571840545012873,166.9383890422394,196.8904752618349
0,0.13686440494517232,0.5564994381745446,0.306636156880283,0.12603000041765855,0.5610703624159559,0.3128996371663855,0.29171617404560884,0.2933092364454641,0.414974589508927,0.34839266816613196,0.336415378168542,0.315191953665326,200.0410365725344,171.75057880718188
0,0.04527197299094909,0.6800342889718456,0.27469373803720537,0.026931459383831402,0.5903444630836263,0.38272407753254223,0.09826232706361544,0.7471549818743383,0.15458269106204622,0.35857274300995956,0.36064013797960487,0.28078711901043557,251.08551464557482,314.1087073278661
0,0.28661422554773824,0.3072732503642202,0.4061125240880416,0.1343165011343859,0.4057422853211043,0.45994121354450984,0.11198729999183685,0.517689175016739,0.3703235249914242,0.050940487144474696,0.6382536944212212,0.31080581843430416,226.019569954014,203.5895675822372
0,0.43125247626808527,0.13415778630347203,0.4345897374284427,0.16248234134828204,0.721621696540177,0.11589596211154088,0.43112899615131683,0.24358684830672417,0.325284155541959,0.09490069873326278,0.6837470354502773,0.22135226581645992,284.3135987307071,118.55078947408154
0,0.14001570701447116,0.8307960515743457,0.02918824141118318,0.02814944699923992,0.942288313649973,0.029562239350787056,0.143013997341288,0.42892051541447224,0.4280654872442397,0.3717044764574511,0.19910878748426242,0.4291867360582865,171.76158322752906,255.32873654609742
0,0.37189301070207187,0.3581686464600094,0.2699383428379187,0.031882154218887446,0.8918752935404806,0.07624255224063205,0.23097812493156952,0.5846921551002281,0.18432971996820235,0.3643607234893351,0.16285479845963896,0.4727844780510259,141.9841022120378,222.2234145142859
0,0.09175792047125675,0.8391293779363751,0.06911270159236818,0.4073936445321048,0.23429961188690285,0.35830674358099235,0.09382229171960677,0.5639489944163613,0.342228713864032,0.08095682246404408,0.7425176876946951,0.17652548984126076,235.96154284411068,310.2475685066448
0,0.2549573195950243,0.4545832653399644,0.2904594150650113,0.42124959178534904,0.35657443017346985,0.2221759780411811,0.17676426135027942,0.6883167504661927,0.13491898818352785,0.25504600680486356,0.36427636781188755,0.3806776253832489,184.55970975129057,227.19599944716444
0,0.4863432742621263,0.31584593628604185,0.19781078945183184,0.409033384284729,0.27152157894107515,0.31944503677419583,0.46780674346308293,0.20146591182754758,0.3307273447093695,0.12279589905549658,0.44113611722978313,0.4360679837147203,135.20797471737546,108.52419064892548
0,0.25302366986759584,0.6125582790453411,0.13441805108706306,0.09566126973671348,0.5077281918240262,0.39661053843926036,0.08959857282418845,0.8138124918671734,0.0965889353086381,0.2931936030751222,0.5123585822569532,0.19444781466792457,262.1888766633787,313.9117968169902
0,0.32277321936475556,0.6334927137100462,0.04373406692519819,0.27278433741295993,0.26512824806893026,0.4620874145181098,0.2339040937214719,0.6247855600628658,0.14131034621566232,0.10144100536914157,0.5139369606582833,0.3846220339725751,179.916494083752,242.88691570502883
0,0.16993808012964157,0.34730259679088504,0.48275932307947345,0.46763275963212314,0.49871860189187545,0.033648638476001434,0.13013462700368617,0.5668301164118129,0.3030352565845009,0.160330370745111,0.6485587555814721,0.1911108736734168,214.4852468525841,178.66287923090292
0,0.10235374272153072,0.6081430651056958,0.2895031921727735,0.287493099033989,0.45747824879956733,0.25502865216644366,0.16628484707154004,0.6989879806861787,0.1347271722422812,0.11779040351403672,0.4211619008731158,0.46104769561284753,226.6713721867578,281.9396008961464
0,0.31507162124175925,0.2618028064783875,0.42312557227985326,0.2978578091978553,0.23772136438007313,0.46442082642207155,0.3506586319688692,0.48146360029270835,0.1678777677384225,0.48572984991942897,0.2580773709451724,0.2561927791353987,116.72704260104511,153.10795837883884
0,0.20242680662136703,0.48976598250112885,0.3078072108775041,0.43744701360921034,0.40508592230898854,0.1574670640818011,0.386679674090749,0.34937995515429027,0.26394037075496074,0.46979727069171173,0.4378258982628412,0.09237683104544707,169.0474113843874,187.01474471174416
0,0.46002405259360507,0.2561031847725116,0.2838727626338834,0.01009278478763594,0.8241869554636428,0.1657202597487212,0.09115343865783855,0.5093984806068601,0.39944808073530136,0.036905659001539325,0.82648125415713,0.1366130868413306,340.284930941781,229.51781876803983
0,0.06136515734028439,0.7596673742399201,0.17896746841979547,0.3076249369414882,0.3874980197473694,0.3048770433111424,0.03730663337992534,0.7275034081397138,0.23518995848036087,0.34549022999241985,0.2115820488971048,0.44292772111047535,182.766377697079,299.50638422771704
0,0.01030828001415338,0.5604065089339813,0.42928521105186535,0.21344351501829417,0.49245062433422576,0.29410586064748007,0.2399358779837248,0.5563059477940513,0.20375817422222386,0.4781255409896491,0.29759119534585254,0.22428326366449838,197.51419133980355,225.76175117134346
0,0.2944521644129769,0.6952234138260633,0.010324421760959731,0.4391131446244029,0.07324882923245657,0.48763802614314056,0.12697450634559115,0.750026796171859,0.1229986974825499,0.1066382065152957,0.6564923714670646,0.23686942201763972,159.35577997634135,298.7079815971447
0,0.43339722421403215,0.23356466381299873,0.3330381119729691,0.04920287301474065,0.6761612181645394,0.27463590882071987,0.10339004906670866,0.6673068347302051,0.22930311620308624,0.23801093701089926,0.6690872368471755,0.09290182614192523,298.47443356972497,228.1598715030553
0,0.28470650515444496,0.5755336854563062,0.1397598093892488,0.13214702455599991,0.3922863960109859,0.47556657943301417,0.33252825680168746,0.3606592318385029,0.3068125113598097,0.379963946858548,0.583752315227553,0.03628373791389889,212.76938025553468,189.15594850765666
0,0.07606858472276411,0.9076457332658933,0.01628568201134266,0.04182170504875574,0.670365671321171,0.28781262363007326,0.17372242634217894,0.5665446501929479,0.25973292346487326,0.4064270276465577,0.3938165787371893,0.19975639361625303,249.99715696167004,288.93044640937865
0,0.07324326487365734,0.8147038673250553,0.11205286780128737,0.18159978049404393,0.4813273877889271,0.337072831717029,0.1871706922194233,0.5610393967562604,0.2517899110243164,0.48887367285481675,0.27730739144045635,0.23381893570472687,198.05878197052232,269.4600863062169
0,0.3016781121893684,0.6724390382335,0.02588284957713162,0.07985840074158515,0.4726687288774823,0.4474728703809326,0.2990163180857379,0.43287805465341117,0.2681056272608509,0.11574395249099965,0.39631365808399194,0.4879423894250084,168.5494568018448,208.77722211856167
0,0.4300791431093739,0.21784489806782648,0.35207595882279963,0.15163538459032336,0.4194285733973819,0.4289360420122948,0.34237079231957973,0.37204514667444144,0.2855840610059788,0.45659041615557255,0.44930633567118805,0.09410324817323946,186.06051545856985,148.67392187349486
0,0.07471592103947555,0.7608443602810129,0.16443971867951163,0.07185853860426782,0.6114455301585411,0.31669593123719103,0.28220087731437005,0.589181495918322,0.12861762676730792,0.34099945536912196,0.35209040521159035,0.30691013941928763,241.93238079304723,287.42612621445613
0,0.07020653906379322,0.45809315108643456,0.4717003098497722,0.07784425768483019,0.727266567748563,0.19488917456660676,0.30619094335303326,0.3257205280607579,0.3680885285862089,0.1517108004967927,0.75099840541058,0.0972907940926273,313.68241048097786,208.29564895478657
0,0.4625969997149904,0.3130661984280993,0.22433680185691035,0.3463271413250174,0.4838246831526566,0.169848175522326,0.10456878501257295,0.42135603856351217,0.4740751764239149,0.4420794939534175,0.44459317753810745,0.11332732850847503,178.22742698576806,166.94788261288176
0,0.09886580968561383,0.5710687537291628,0.3300654365852233,0.17306589520635612,0.5651452003221441,0.2617889044714997,0.05949840375192297,0.48032575401145533,0.4601758422366217,0.3386646916416949,0.3608136956146791,0.30052161274362604,213.97061807741073,210.46740569562755
0,0.04140280208496025,0.9394668101423895,0.019130387772650213,0.16593396210635336,0.46454482424456056,0.3695212136490861,0.18864379597919728,0.43300473241459925,0.3783514716062034,0.09816771381514483,0.6907428300362736,0.21108945614858157,282.9514819415446,280.3206551905031
0,0.05574979073774423,0.8303284077410098,0.11392180152124595,0.09016190573482137,0.8483972331071526,0.06144086115802592,0.18063582095632036,0.7395522927463203,0.0798118862973593,0.3745137592036241,0.16315983938798517,0.46232640140839076,218.763338212921,348.25029963531614
0,0.1382543526531547,0.6794382134966683,0.18230743385017698,0.11907872873485945,0.4019338857434635,0.478987385521677,0.4014539237006358,0.2167583100425528,0.3817877662568114,0.3051925281369048,0.4662019171624956,0.2286055547005996,194.143672432167,141.53442244879992
0,0.012180719138486003,0.6857005516672949,0.30211872919421917,0.31711238351903054,0.6337339545619851,0.049153661918984265,0.1983512576896418,0.4828268359805287,0.3188219063298295,0.3182431520478134,0.48064781768822856,0.20110903026395804,242.36550771143826,243.70529283304361
0,0.2638697870640685,0.2711033675573048,0.4650268453786267,0.4102357194837349,0.35281604204086553,0.23694823847539953,0.41343536895670885,0.4031627293352953,0.18340190170799583,0.04395240672415182,0.5799505067051192,0.37609708657072904,177.98411965504118,148.12543288043403
0,0.194008394770871,0.730437928341384,0.075553676887745,0.3025596077233698,0.5958105724580749,0.10162981981855529,0.4670908923612056,0.16662513984705118,0.3662839677917432,0.39717137371262834,0.1648418911815701,0.43798673510580155,136.0490507894554,160.61381615301
0,0.29874771106224235,0.4293993746683361,0.2718529142694216,0.22205122538116942,0.687550015116724,0.09039875950210657,0.2681230133650677,0.6058123926306074,0.12606459400432496,0.19078537278370525,0.7822676325842401,0.02694699463205466,317.136954644589,271.1563402261339
0,0.10042579295955416,0.7477129627245194,0.15186124431592646,0.21814755129113517,0.533405118055329,0.24844733065353583,0.16556246516691978,0.44806010143509,0.38637743339799024,0.33357638739197554,0.27388227770847395,0.39254133489955056,194.69882996355847,239.52583223572154
0,0.03549138862610044,0.7079762408864201,0.2565323704874794,0.03911175462642112,0.5595638319321206,0.40132441344145825,0.2730486911378721,0.43078263458658306,0.29616867427554483,0.28889754060343725,0.3494206131010951,0.36168184629546757,223.03307354748517,234.71326737054616
0,0.3241686315856272,0.48929324980158395,0.1865381186127889,0.42305160300303685,0.48403948604127045,0.09290891095569263,0.16105034131970095,0.5860448362645643,0.25290482241573475,0.2649798209281224,0.36823452987195476,0.3667856491999228,196.71140362799432,231.80322346569417
0,0.48404825405920554,0.12782149692714911,0.3881302490136454,0.2837206791604108,0.31082568982645575,0.4054536310131335,0.2896199097993588,0.4975588792953982,0.21282121090524297,0.1676982858416425,0.6457820973454682,0.18651961681288928,182.7442336907665,117.1628959298135
0,0.04023523124500152,0.6995295920886748,0.2602351766663236,0.4252870880067456,0.532836585226912,0.04187632676634232,0.45221226281066973,0.10249156521131075,0.4452961719780195,0.058875817277799725,0.8998360884926749,0.041288094229525445,272.7739524414536,178.51783760118593
0,0.4156616948266095,0.3652390889177968,0.21909921625559384,0.0710955252865442,0.4449033486250036,0.48400112608845225,0.3650046616579712,0.3645374348439406,0.27045790349808824,0.06136701675068418,0.4585468877254106,0.4800860955239053,138.17397294055993,145.8896702051263
0,0.23707144021931548,0.3652892803737701,0.3976392794069144,0.01796185598590163,0.9219876352170946,0.06005050879700377,0.3213419218904027,0.22206736969650614,0.4565907084130911,0.3786709156739738,0.18886806684586882,0.43246101748015736,144.67236868072857,165.29297321596127
0,0.17543074883876153,0.4658510542530409,0.35871819690819756,0.07852694581942142,0.7113836567733544,0.21008939740722424,0.2437745545925126,0.5477239897550723,0.20850145565241507,0.14534530344156776,0.6979331752729514,0.15672152128548095,311.0622155401754,263.3792119090418
0,0.38847167132735533,0.5910193811716434,0.020508947501001303,0.12487753666086025,0.7417008769986839,0.13342158634045587,0.13765142470544073,0.5422691842475937,0.3200793910469654,0.2248403610084834,0.5434357185765982,0.23172392041491838,274.22381027495044,260.3835196149514
0,0.12864563844358262,0.47450634433295164,0.3968480172234658,0.08839523254375423,0.5255678946163644,0.38603687283988125,0.19969724458418922,0.5513475692268591,0.24895518618895163,0.47231617392733116,0.3313701411796406,0.19631368489302822,202.1019397025623,227.66007643229557
0,0.27609115069175,0.5112970033572678,0.21261184595098212,0.3675146200821232,0.5205371694998062,0.1119482104180706,0.3523370724486743,0.4331603560395374,0.21450257151178834,0.34233926785125157,0.6089883309533177,0.0486724011954307,241.1456636312679,235.78101267640488
0,0.03485407494741249,0.48933342446596356,0.475812500586624,0.27428491263676974,0.3556220547956404,0.3700930325675899,0.07114831387207027,0.45847054812573734,0.47038113800219233,0.3514295896488512,0.16594022965617916,0.48263018069496966,144.85216506826475,166.1759981569312
0,0.1305639525044041,0.8327454742780518,0.036690573217544056,0.19671502419290643,0.7772322498966551,0.02605272591043853,0.2322001112074778,0.6660269106184258,0.10177297817409636,0.3373437862402934,0.4953784222779528,0.16727779148175384,303.3941033340961,342.33380631703415
0,0.2334327109146886,0.4439756920248542,0.32259159706045726,0.29103724298361805,0.4127319977185385,0.29623075929784337,0.04308174554341523,0.5177451250680293,0.43917312938855546,0.4682188830676075,0.2108830227028362,0.3208980942295563,130.4872503852785,181.24481623783228